{
  "version": 1,
  "author": "Anonymous maker",
  "editor": "wokwi",
  "parts": [
    { "type": "board-esp32-devkit-c-v4", "id": "esp", "top": 0, "left": 148.84, "attrs": {} },
    { "type": "wokwi-photoresistor-sensor", "id": "ldr1", "top": 32, "left": -133.6, "attrs": {} }
  ],
  "connections": [
    [ "esp:TX", "$serialMonitor:RX", "", [] ],
    [ "esp:RX", "$serialMonitor:TX", "", [] ],
    [ "ldr1:VCC", "esp:3V3", "red", [ "h76.8", "v-9.6" ] ],
    [ "ldr1:GND", "esp:GND.1", "black", [ "h67.2", "v95.6" ] ],
    [ "ldr1:AO", "esp:34", "green", [ "h0" ] ]
  ],
  "dependencies": {}
}