{
  "version": 1,
  "author": "Sala Alaghbari",
  "editor": "wokwi",
  "parts": [
    { "type": "wokwi-arduino-uno", "id": "uno", "top": 58.2, "left": 85.8, "attrs": {} },
    {
      "type": "wokwi-resistor",
      "id": "r1",
      "top": 128.75,
      "left": 393.6,
      "rotate": 90,
      "attrs": { "value": "1000" }
    },
    {
      "type": "wokwi-resistor",
      "id": "r2",
      "top": 128.75,
      "left": 441.6,
      "rotate": 90,
      "attrs": { "value": "1000" }
    },
    { "type": "wokwi-led", "id": "led1", "top": -51.6, "left": 407, "attrs": { "color": "blue" } },
    {
      "type": "wokwi-led",
      "id": "led2",
      "top": -51.6,
      "left": 464.6,
      "attrs": { "color": "yellow" }
    }
  ],
  "connections": [
    [ "led1:A", "r1:1", "green", [ "v0" ] ],
    [ "r1:2", "uno:10", "green", [ "h0" ] ],
    [ "led2:A", "r2:1", "green", [ "v0" ] ],
    [ "r2:2", "uno:11", "green", [ "h0" ] ],
    [ "led1:C", "uno:GND.3", "green", [ "v0" ] ],
    [ "led2:C", "uno:GND.2", "green", [ "v259.2", "h-220.4" ] ]
  ],
  "dependencies": {}
}